{
  "Add Language Request" : {
    "transaction" : "Add Language Request",
    "sampleCount" : 500,
    "errorCount" : 0,
    "errorPct" : 0.0,
    "meanResTime" : 54.389999999999986,
    "medianResTime" : 51.0,
    "minResTime" : 43.0,
    "maxResTime" : 240.0,
    "pct1ResTime" : 60.0,
    "pct2ResTime" : 67.0,
    "pct3ResTime" : 116.94000000000005,
    "throughput" : 1.674520166246362,
    "receivedKBytesPerSec" : 0.3385016351689423,
    "sentKBytesPerSec" : 0.9909758015090775
  },
  "Update Education Request" : {
    "transaction" : "Update Education Request",
    "sampleCount" : 500,
    "errorCount" : 0,
    "errorPct" : 0.0,
    "meanResTime" : 268.9819999999997,
    "medianResTime" : 273.0,
    "minResTime" : 126.0,
    "maxResTime" : 1325.0,
    "pct1ResTime" : 322.0,
    "pct2ResTime" : 347.0,
    "pct3ResTime" : 524.5000000000005,
    "throughput" : 1.6741108797117852,
    "receivedKBytesPerSec" : 0.3558989703381034,
    "sentKBytesPerSec" : 1.2245205555704366
  },
  "SigIn Request" : {
    "transaction" : "SigIn Request",
    "sampleCount" : 500,
    "errorCount" : 0,
    "errorPct" : 0.0,
    "meanResTime" : 178.486,
    "medianResTime" : 166.0,
    "minResTime" : 145.0,
    "maxResTime" : 889.0,
    "pct1ResTime" : 208.90000000000003,
    "pct2ResTime" : 228.79999999999995,
    "pct3ResTime" : 390.27000000000066,
    "throughput" : 1.670787943594199,
    "receivedKBytesPerSec" : 0.8027613947737753,
    "sentKBytesPerSec" : 0.5837706968856513
  },
  "Deactivate Share Skill Request" : {
    "transaction" : "Deactivate Share Skill Request",
    "sampleCount" : 500,
    "errorCount" : 0,
    "errorPct" : 0.0,
    "meanResTime" : 141.46400000000006,
    "medianResTime" : 136.0,
    "minResTime" : 116.0,
    "maxResTime" : 653.0,
    "pct1ResTime" : 158.90000000000003,
    "pct2ResTime" : 175.89999999999998,
    "pct3ResTime" : 252.93000000000006,
    "throughput" : 1.674088458834165,
    "receivedKBytesPerSec" : 0.31062188201024543,
    "sentKBytesPerSec" : 0.9563884261894398
  },
  "View Share Skill Request" : {
    "transaction" : "View Share Skill Request",
    "sampleCount" : 500,
    "errorCount" : 0,
    "errorPct" : 0.0,
    "meanResTime" : 96.67200000000004,
    "medianResTime" : 91.0,
    "minResTime" : 78.0,
    "maxResTime" : 1042.0,
    "pct1ResTime" : 106.0,
    "pct2ResTime" : 116.94999999999999,
    "pct3ResTime" : 157.87000000000012,
    "throughput" : 1.6743463351907415,
    "receivedKBytesPerSec" : 2.1499915026923486,
    "sentKBytesPerSec" : 0.9205634635863158
  },
  "Delete Language Request" : {
    "transaction" : "Delete Language Request",
    "sampleCount" : 500,
    "errorCount" : 0,
    "errorPct" : 0.0,
    "meanResTime" : 50.064000000000036,
    "medianResTime" : 48.0,
    "minResTime" : 39.0,
    "maxResTime" : 560.0,
    "pct1ResTime" : 55.0,
    "pct2ResTime" : 62.0,
    "pct3ResTime" : 93.92000000000007,
    "throughput" : 1.6752439155140988,
    "receivedKBytesPerSec" : 0.3238717651039991,
    "sentKBytesPerSec" : 1.0502994079688002
  },
  "Update Language Request" : {
    "transaction" : "Update Language Request",
    "sampleCount" : 500,
    "errorCount" : 0,
    "errorPct" : 0.0,
    "meanResTime" : 131.53200000000004,
    "medianResTime" : 99.5,
    "minResTime" : 81.0,
    "maxResTime" : 1145.0,
    "pct1ResTime" : 192.0,
    "pct2ResTime" : 207.89999999999998,
    "pct3ResTime" : 292.8100000000002,
    "throughput" : 1.6750250416243722,
    "receivedKBytesPerSec" : 0.3806625268422763,
    "sentKBytesPerSec" : 1.0501621842996554
  },
  "Delete Certifications Request" : {
    "transaction" : "Delete Certifications Request",
    "sampleCount" : 500,
    "errorCount" : 143,
    "errorPct" : 28.6,
    "meanResTime" : 50.20600000000007,
    "medianResTime" : 47.0,
    "minResTime" : 39.0,
    "maxResTime" : 218.0,
    "pct1ResTime" : 57.0,
    "pct2ResTime" : 70.0,
    "pct3ResTime" : 102.98000000000002,
    "throughput" : 1.6742902683552443,
    "receivedKBytesPerSec" : 0.2947306788995894,
    "sentKBytesPerSec" : 0.9875696504751635
  },
  "Delete Skill Request" : {
    "transaction" : "Delete Skill Request",
    "sampleCount" : 500,
    "errorCount" : 0,
    "errorPct" : 0.0,
    "meanResTime" : 49.333999999999996,
    "medianResTime" : 47.0,
    "minResTime" : 39.0,
    "maxResTime" : 206.0,
    "pct1ResTime" : 55.0,
    "pct2ResTime" : 64.94999999999999,
    "pct3ResTime" : 90.99000000000001,
    "throughput" : 1.675552681051845,
    "receivedKBytesPerSec" : 0.3184040978573032,
    "sentKBytesPerSec" : 1.094672601195004
  },
  "Add Certifications Request" : {
    "transaction" : "Add Certifications Request",
    "sampleCount" : 500,
    "errorCount" : 0,
    "errorPct" : 0.0,
    "meanResTime" : 152.8819999999999,
    "medianResTime" : 143.0,
    "minResTime" : 87.0,
    "maxResTime" : 321.0,
    "pct1ResTime" : 186.0,
    "pct2ResTime" : 197.95,
    "pct3ResTime" : 244.96000000000004,
    "throughput" : 1.674094063997268,
    "receivedKBytesPerSec" : 0.33841549926507275,
    "sentKBytesPerSec" : 1.1002590869825795
  },
  "Delete Education Request" : {
    "transaction" : "Delete Education Request",
    "sampleCount" : 500,
    "errorCount" : 0,
    "errorPct" : 0.0,
    "meanResTime" : 49.18599999999999,
    "medianResTime" : 47.0,
    "minResTime" : 39.0,
    "maxResTime" : 135.0,
    "pct1ResTime" : 55.0,
    "pct2ResTime" : 68.94999999999999,
    "pct3ResTime" : 88.96000000000004,
    "throughput" : 1.6746491610007703,
    "receivedKBytesPerSec" : 0.35651710654117963,
    "sentKBytesPerSec" : 0.9877813410590481
  },
  "Delete Share Skill Request" : {
    "transaction" : "Delete Share Skill Request",
    "sampleCount" : 500,
    "errorCount" : 0,
    "errorPct" : 0.0,
    "meanResTime" : 186.90799999999987,
    "medianResTime" : 181.5,
    "minResTime" : 158.0,
    "maxResTime" : 496.0,
    "pct1ResTime" : 208.0,
    "pct2ResTime" : 226.84999999999997,
    "pct3ResTime" : 278.95000000000005,
    "throughput" : 1.67352253063383,
    "receivedKBytesPerSec" : 0.3203226718791315,
    "sentKBytesPerSec" : 0.9658709136763608
  },
  "Total" : {
    "transaction" : "Total",
    "sampleCount" : 9000,
    "errorCount" : 143,
    "errorPct" : 1.5888889,
    "meanResTime" : 162.44122222222225,
    "medianResTime" : 116.0,
    "minResTime" : 39.0,
    "maxResTime" : 1857.0,
    "pct1ResTime" : 254.0,
    "pct2ResTime" : 863.9499999999989,
    "pct3ResTime" : 952.0,
    "throughput" : 29.790868105896607,
    "receivedKBytesPerSec" : 17.03614519303655,
    "sentKBytesPerSec" : 20.020239171019444
  },
  "Update Skill Request" : {
    "transaction" : "Update Skill Request",
    "sampleCount" : 500,
    "errorCount" : 0,
    "errorPct" : 0.0,
    "meanResTime" : 139.32600000000008,
    "medianResTime" : 122.5,
    "minResTime" : 79.0,
    "maxResTime" : 344.0,
    "pct1ResTime" : 196.0,
    "pct2ResTime" : 213.0,
    "pct3ResTime" : 260.99,
    "throughput" : 1.6746772059685495,
    "receivedKBytesPerSec" : 0.36366989286252577,
    "sentKBytesPerSec" : 1.0941006355399996
  },
  "Search Skill Request" : {
    "transaction" : "Search Skill Request",
    "sampleCount" : 500,
    "errorCount" : 0,
    "errorPct" : 0.0,
    "meanResTime" : 918.4779999999996,
    "medianResTime" : 898.0,
    "minResTime" : 833.0,
    "maxResTime" : 1857.0,
    "pct1ResTime" : 980.0,
    "pct2ResTime" : 1056.8,
    "pct3ResTime" : 1271.4500000000005,
    "throughput" : 1.6692372920964953,
    "receivedKBytesPerSec" : 9.148202815669464,
    "sentKBytesPerSec" : 1.2160654491249858
  },
  "Add Skill Request" : {
    "transaction" : "Add Skill Request",
    "sampleCount" : 500,
    "errorCount" : 0,
    "errorPct" : 0.0,
    "meanResTime" : 52.01199999999999,
    "medianResTime" : 50.0,
    "minResTime" : 41.0,
    "maxResTime" : 144.0,
    "pct1ResTime" : 58.0,
    "pct2ResTime" : 71.94999999999999,
    "pct3ResTime" : 100.98000000000002,
    "throughput" : 1.674935263752056,
    "receivedKBytesPerSec" : 0.3385855464811285,