{
  "Add Language Request" : {
    "transaction" : "Add Language Request",
    "sampleCount" : 300,
    "errorCount" : 0,
    "errorPct" : 0.0,
    "meanResTime" : 57.15000000000003,
    "medianResTime" : 52.0,
    "minResTime" : 42.0,
    "maxResTime" : 798.0,
    "pct1ResTime" : 64.0,
    "pct2ResTime" : 74.89999999999998,
    "pct3ResTime" : 126.90000000000009,
    "throughput" : 1.004187461715353,
    "receivedKBytesPerSec" : 0.20299492634284966,
    "sentKBytesPerSec" : 0.5942750017573281
  },
  "Update Education Request" : {
    "transaction" : "Update Education Request",
    "sampleCount" : 300,
    "errorCount" : 0,
    "errorPct" : 0.0,
    "meanResTime" : 291.513333333333,
    "medianResTime" : 292.0,
    "minResTime" : 173.0,
    "maxResTime" : 1096.0,
    "pct1ResTime" : 333.90000000000003,
    "pct2ResTime" : 352.84999999999997,
    "pct3ResTime" : 621.9900000000018,
    "throughput" : 1.0036600135159548,
    "receivedKBytesPerSec" : 0.21353585554488702,
    "sentKBytesPerSec" : 0.7341224122299318
  },
  "SigIn Request" : {
    "transaction" : "SigIn Request",
    "sampleCount" : 300,
    "errorCount" : 0,
    "errorPct" : 0.0,
    "meanResTime" : 214.3,
    "medianResTime" : 194.0,
    "minResTime" : 151.0,
    "maxResTime" : 879.0,
    "pct1ResTime" : 244.0,
    "pct2ResTime" : 290.74999999999994,
    "pct3ResTime" : 815.5100000000004,
    "throughput" : 1.0031398276605776,
    "receivedKBytesPerSec" : 0.4819773390712932,
    "sentKBytesPerSec" : 0.35035442184036036
  },
  "Deactivate Share Skill Request" : {
    "transaction" : "Deactivate Share Skill Request",
    "sampleCount" : 300,
    "errorCount" : 0,
    "errorPct" : 0.0,
    "meanResTime" : 151.79999999999993,
    "medianResTime" : 143.0,
    "minResTime" : 120.0,
    "maxResTime" : 1000.0,
    "pct1ResTime" : 164.90000000000003,
    "pct2ResTime" : 177.95,
    "pct3ResTime" : 370.0900000000008,
    "throughput" : 1.0038044187470514,
    "receivedKBytesPerSec" : 0.1862527730097068,
    "sentKBytesPerSec" : 0.5734624853193604
  },
  "View Share Skill Request" : {
    "transaction" : "View Share Skill Request",
    "sampleCount" : 300,
    "errorCount" : 0,
    "errorPct" : 0.0,
    "meanResTime" : 103.49999999999996,
    "medianResTime" : 96.5,
    "minResTime" : 81.0,
    "maxResTime" : 1039.0,
    "pct1ResTime" : 107.90000000000003,
    "pct2ResTime" : 118.89999999999998,
    "pct3ResTime" : 215.92000000000007,
    "throughput" : 1.0039421461605906,
    "receivedKBytesPerSec" : 1.2891179259726526,
    "sentKBytesPerSec" : 0.5519720979379028
  },
  "Delete Language Request" : {
    "transaction" : "Delete Language Request",
    "sampleCount" : 300,
    "errorCount" : 0,
    "errorPct" : 0.0,
    "meanResTime" : 48.76999999999996,
    "medianResTime" : 48.0,
    "minResTime" : 39.0,
    "maxResTime" : 109.0,
    "pct1ResTime" : 55.900000000000034,
    "pct2ResTime" : 59.0,
    "pct3ResTime" : 79.96000000000004,
    "throughput" : 1.0042916730829745,
    "receivedKBytesPerSec" : 0.19364979575218097,
    "sentKBytesPerSec" : 0.6296438028508493
  },
  "Update Language Request" : {
    "transaction" : "Update Language Request",
    "sampleCount" : 300,
    "errorCount" : 0,
    "errorPct" : 0.0,
    "meanResTime" : 138.91666666666674,
    "medianResTime" : 157.0,
    "minResTime" : 77.0,
    "maxResTime" : 389.0,
    "pct1ResTime" : 188.0,
    "pct2ResTime" : 199.89999999999998,
    "pct3ResTime" : 294.63000000000034,
    "throughput" : 1.0041370446238502,
    "receivedKBytesPerSec" : 0.22362641897116117,
    "sentKBytesPerSec" : 0.6295468580551874
  },
  "Delete Certifications Request" : {
    "transaction" : "Delete Certifications Request",
    "sampleCount" : 300,
    "errorCount" : 38,
    "errorPct" : 12.666667,
    "meanResTime" : 50.23666666666666,
    "medianResTime" : 47.0,
    "minResTime" : 39.0,
    "maxResTime" : 348.0,
    "pct1ResTime" : 56.0,
    "pct2ResTime" : 62.0,
    "pct3ResTime" : 100.97000000000003,
    "throughput" : 1.0038783165629885,
    "receivedKBytesPerSec" : 0.19186755038632583,
    "sentKBytesPerSec" : 0.5921313507852002
  },
  "Delete Skill Request" : {
    "transaction" : "Delete Skill Request",
    "sampleCount" : 300,
    "errorCount" : 0,
    "errorPct" : 0.0,
    "meanResTime" : 53.92666666666665,
    "medianResTime" : 48.0,
    "minResTime" : 38.0,
    "maxResTime" : 863.0,
    "pct1ResTime" : 55.0,
    "pct2ResTime" : 65.0,
    "pct3ResTime" : 308.2300000000016,
    "throughput" : 1.004419445560466,
    "receivedKBytesPerSec" : 0.19077103317095218,
    "sentKBytesPerSec" : 0.6562076260546404
  },
  "Add Certifications Request" : {
    "transaction" : "Add Certifications Request",
    "sampleCount" : 300,
    "errorCount" : 0,
    "errorPct" : 0.0,
    "meanResTime" : 166.46000000000004,
    "medianResTime" : 170.0,
    "minResTime" : 86.0,
    "maxResTime" : 303.0,
    "pct1ResTime" : 191.0,
    "pct2ResTime" : 204.95,
    "pct3ResTime" : 270.60000000000036,
    "throughput" : 1.0037238153549668,
    "receivedKBytesPerSec" : 0.20290120095554506,
    "sentKBytesPerSec" : 0.6596739528651296
  },
  "Delete Education Request" : {
    "transaction" : "Delete Education Request",
    "sampleCount" : 300,
    "errorCount" : 0,
    "errorPct" : 0.0,
    "meanResTime" : 50.039999999999964,
    "medianResTime" : 47.0,
    "minResTime" : 39.0,
    "maxResTime" : 216.0,
    "pct1ResTime" : 56.0,
    "pct2ResTime" : 67.0,
    "pct3ResTime" : 141.64000000000033,
    "throughput" : 1.0040328653424588,
    "receivedKBytesPerSec" : 0.2137491842232969,
    "sentKBytesPerSec" : 0.5922225104168409
  },
  "Delete Share Skill Request" : {
    "transaction" : "Delete Share Skill Request",
    "sampleCount" : 300,
    "errorCount" : 0,
    "errorPct" : 0.0,
    "meanResTime" : 199.94333333333327,
    "medianResTime" : 192.0,
    "minResTime" : 163.0,
    "maxResTime" : 1033.0,
    "pct1ResTime" : 224.0,
    "pct2ResTime" : 240.0,
    "pct3ResTime" : 365.4800000000005,
    "throughput" : 1.0035727188792098,
    "receivedKBytesPerSec" : 0.19209009072297378,
    "sentKBytesPerSec" : 0.5792104266187628
  },
  "Total" : {
    "transaction" : "Total",
    "sampleCount" : 5400,
    "errorCount" : 38,
    "errorPct" : 0.7037037,
    "meanResTime" : 171.27092592592584,
    "medianResTime" : 125.0,
    "minResTime" : 38.0,
    "maxResTime" : 1767.0,
    "pct1ResTime" : 277.0,
    "pct2ResTime" : 888.0,
    "pct3ResTime" : 964.9899999999998,
    "throughput" : 17.89027299231381,
    "receivedKBytesPerSec" : 10.239777412080905,
    "sentKBytesPerSec" : 12.02258957560297
  },
  "Update Skill Request" : {
    "transaction" : "Update Skill Request",
    "sampleCount" : 300,
    "errorCount" : 0,
    "errorPct" : 0.0,
    "meanResTime" : 140.87666666666652,
    "medianResTime" : 151.0,
    "minResTime" : 78.0,
    "maxResTime" : 1078.0,
    "pct1ResTime" : 189.0,
    "pct2ResTime" : 198.0,
    "pct3ResTime" : 265.6800000000003,
    "throughput" : 1.0039723840662889,
    "receivedKBytesPerSec" : 0.21707307852235344,
    "sentKBytesPerSec" : 0.655915551699558
  },
  "Search Skill Request" : {
    "transaction" : "Search Skill Request",
    "sampleCount" : 300,
    "errorCount" : 0,
    "errorPct" : 0.0,
    "meanResTime" : 941.6800000000004,
    "medianResTime" : 925.0,
    "minResTime" : 848.0,
    "maxResTime" : 1767.0,
    "pct1ResTime" : 986.7,
    "pct2ResTime" : 1008.0,
    "pct3ResTime" : 1650.5400000000004,
    "throughput" : 1.0009542430450362,
    "receivedKBytesPerSec" : 5.485698449188226,
    "sentKBytesPerSec" : 0.7292108059683565
  },
  "Add Skill Request" : {
    "transaction" : "Add Skill Request",
    "sampleCount" : 300,
    "errorCount" : 0,
    "errorPct" : 0.0,
    "meanResTime" : 51.34000000000002,
    "medianResTime" : 50.0,
    "minResTime" : 40.0,
    "maxResTime" : 133.0,
    "pct1ResTime" : 56.0,
    "pct2ResTime" : 60.0,
    "pct3ResTime" : 87.95000000000005,
    "throughput" : 1.0043152076756463,
    "receivedKBytesPerSec" : 0.2030207499891199,