{
  "Add Language Request" : {
    "transaction" : "Add Language Request",
    "sampleCount" : 100,
    "errorCount" : 0,
    "errorPct" : 0.0,
    "meanResTime" : 57.31000000000002,
    "medianResTime" : 55.5,
    "minResTime" : 46.0,
    "maxResTime" : 103.0,
    "pct1ResTime" : 65.9,
    "pct2ResTime" : 76.89999999999998,
    "pct3ResTime" : 102.81999999999991,
    "throughput" : 0.3369363055607968,
    "receivedKBytesPerSec" : 0.06811114770613763,
    "sentKBytesPerSec" : 0.1993978527049247
  },
  "Update Education Request" : {
    "transaction" : "Update Education Request",
    "sampleCount" : 100,
    "errorCount" : 0,
    "errorPct" : 0.0,
    "meanResTime" : 302.09999999999997,
    "medianResTime" : 315.0,
    "minResTime" : 159.0,
    "maxResTime" : 426.0,
    "pct1ResTime" : 345.0,
    "pct2ResTime" : 362.5999999999999,
    "pct3ResTime" : 425.95,
    "throughput" : 0.3366391295858665,
    "receivedKBytesPerSec" : 0.07161142734149348,
    "sentKBytesPerSec" : 0.24623311333966216
  },
  "SigIn Request" : {
    "transaction" : "SigIn Request",
    "sampleCount" : 100,
    "errorCount" : 0,
    "errorPct" : 0.0,
    "meanResTime" : 215.76999999999995,
    "medianResTime" : 201.0,
    "minResTime" : 160.0,
    "maxResTime" : 691.0,
    "pct1ResTime" : 257.8,
    "pct2ResTime" : 286.9,
    "pct3ResTime" : 688.0499999999985,
    "throughput" : 0.33660740132354033,
    "receivedKBytesPerSec" : 0.16172933735466977,
    "sentKBytesPerSec" : 0.11732608757851368
  },
  "Deactivate Share Skill Request" : {
    "transaction" : "Deactivate Share Skill Request",
    "sampleCount" : 100,
    "errorCount" : 0,
    "errorPct" : 0.0,
    "meanResTime" : 142.21999999999994,
    "medianResTime" : 140.0,
    "minResTime" : 123.0,
    "maxResTime" : 216.0,
    "pct1ResTime" : 155.9,
    "pct2ResTime" : 167.89999999999998,
    "pct3ResTime" : 215.7799999999999,
    "throughput" : 0.3369612831485662,
    "receivedKBytesPerSec" : 0.06252211308420663,
    "sentKBytesPerSec" : 0.19250229554874146
  },
  "View Share Skill Request" : {
    "transaction" : "View Share Skill Request",
    "sampleCount" : 100,
    "errorCount" : 0,
    "errorPct" : 0.0,
    "meanResTime" : 97.13,
    "medianResTime" : 94.0,
    "minResTime" : 84.0,
    "maxResTime" : 154.0,
    "pct1ResTime" : 111.80000000000001,
    "pct2ResTime" : 122.84999999999997,
    "pct3ResTime" : 153.89999999999995,
    "throughput" : 0.3369749088482871,
    "receivedKBytesPerSec" : 0.43271000697538065,
    "sentKBytesPerSec" : 0.1852703844546735
  },
  "Delete Language Request" : {
    "transaction" : "Delete Language Request",
    "sampleCount" : 100,
    "errorCount" : 0,
    "errorPct" : 0.0,
    "meanResTime" : 53.92000000000002,
    "medianResTime" : 52.0,
    "minResTime" : 43.0,
    "maxResTime" : 88.0,
    "pct1ResTime" : 66.0,
    "pct2ResTime" : 75.84999999999997,
    "pct3ResTime" : 87.95999999999998,
    "throughput" : 0.3369294941340575,
    "receivedKBytesPerSec" : 0.06478654042480071,
    "sentKBytesPerSec" : 0.21123899925201653
  },
  "Update Language Request" : {
    "transaction" : "Update Language Request",
    "sampleCount" : 100,
    "errorCount" : 0,
    "errorPct" : 0.0,
    "meanResTime" : 173.0199999999999,
    "medianResTime" : 184.5,
    "minResTime" : 86.0,
    "maxResTime" : 270.0,
    "pct1ResTime" : 220.70000000000002,
    "pct2ResTime" : 242.64999999999992,
    "pct3ResTime" : 269.8599999999999,
    "throughput" : 0.33686593409554866,
    "receivedKBytesPerSec" : 0.0733933495085126,
    "sentKBytesPerSec" : 0.2111991500872483
  },
  "Delete Certifications Request" : {
    "transaction" : "Delete Certifications Request",
    "sampleCount" : 100,
    "errorCount" : 13,
    "errorPct" : 13.0,
    "meanResTime" : 52.87000000000001,
    "medianResTime" : 50.5,
    "minResTime" : 41.0,
    "maxResTime" : 161.0,
    "pct1ResTime" : 59.0,
    "pct2ResTime" : 66.94999999999999,
    "pct3ResTime" : 160.45999999999972,
    "throughput" : 0.33678538351435544,
    "receivedKBytesPerSec" : 0.06426220320788077,
    "sentKBytesPerSec" : 0.1986507535572956
  },
  "Delete Skill Request" : {
    "transaction" : "Delete Skill Request",
    "sampleCount" : 100,
    "errorCount" : 0,
    "errorPct" : 0.0,
    "meanResTime" : 51.239999999999995,
    "medianResTime" : 50.0,
    "minResTime" : 41.0,
    "maxResTime" : 95.0,
    "pct1ResTime" : 58.0,
    "pct2ResTime" : 63.0,
    "pct3ResTime" : 94.72999999999986,
    "throughput" : 0.3370669111525329,
    "receivedKBytesPerSec" : 0.06406246313330659,
    "sentKBytesPerSec" : 0.2202126597275825
  },
  "Add Certifications Request" : {
    "transaction" : "Add Certifications Request",
    "sampleCount" : 100,
    "errorCount" : 0,
    "errorPct" : 0.0,
    "meanResTime" : 191.77000000000004,
    "medianResTime" : 179.0,
    "minResTime" : 90.0,
    "maxResTime" : 579.0,
    "pct1ResTime" : 206.9,
    "pct2ResTime" : 400.39999999999895,
    "pct3ResTime" : 578.8799999999999,
    "throughput" : 0.3367184764162379,
    "receivedKBytesPerSec" : 0.06806711388492309,
    "sentKBytesPerSec" : 0.2213003267852814
  },
  "Delete Education Request" : {
    "transaction" : "Delete Education Request",
    "sampleCount" : 100,
    "errorCount" : 0,
    "errorPct" : 0.0,
    "meanResTime" : 51.10000000000002,
    "medianResTime" : 51.0,
    "minResTime" : 43.0,
    "maxResTime" : 96.0,
    "pct1ResTime" : 56.0,
    "pct2ResTime" : 58.0,
    "pct3ResTime" : 95.68999999999984,
    "throughput" : 0.33684777848890085,
    "receivedKBytesPerSec" : 0.07171173409236366,
    "sentKBytesPerSec" : 0.1986875568430626
  },
  "Delete Share Skill Request" : {
    "transaction" : "Delete Share Skill Request",
    "sampleCount" : 100,
    "errorCount" : 0,
    "errorPct" : 0.0,
    "meanResTime" : 193.67999999999998,
    "medianResTime" : 188.0,
    "minResTime" : 165.0,
    "maxResTime" : 315.0,
    "pct1ResTime" : 213.9,
    "pct2ResTime" : 229.95,
    "pct3ResTime" : 314.76999999999987,
    "throughput" : 0.3369397113774433,
    "receivedKBytesPerSec" : 0.06449236663083875,
    "sentKBytesPerSec" : 0.19446422795319235
  },
  "Total" : {
    "transaction" : "Total",
    "sampleCount" : 1800,
    "errorCount" : 13,
    "errorPct" : 0.7222222,
    "meanResTime" : 175.79222222222205,
    "medianResTime" : 131.5,
    "minResTime" : 41.0,
    "maxResTime" : 1190.0,
    "pct1ResTime" : 304.0,
    "pct2ResTime" : 880.7999999999993,
    "pct3ResTime" : 975.0,
    "throughput" : 6.003261772229578,
    "receivedKBytesPerSec" : 3.434620049810397,
    "sentKBytesPerSec" : 4.034066842984688
  },
  "Update Skill Request" : {
    "transaction" : "Update Skill Request",
    "sampleCount" : 100,
    "errorCount" : 0,
    "errorPct" : 0.0,
    "meanResTime" : 144.84000000000006,
    "medianResTime" : 120.0,
    "minResTime" : 85.0,
    "maxResTime" : 285.0,
    "pct1ResTime" : 211.50000000000003,
    "pct2ResTime" : 231.4999999999999,
    "pct3ResTime" : 284.8099999999999,
    "throughput" : 0.3369022511808424,
    "receivedKBytesPerSec" : 0.0732564992655531,
    "sentKBytesPerSec" : 0.22010508402342144
  },
  "Search Skill Request" : {
    "transaction" : "Search Skill Request",
    "sampleCount" : 100,
    "errorCount" : 0,
    "errorPct" : 0.0,
    "meanResTime" : 932.0600000000001,
    "medianResTime" : 913.0,
    "minResTime" : 846.0,
    "maxResTime" : 1190.0,
    "pct1ResTime" : 1015.0000000000001,
    "pct2ResTime" : 1062.5499999999997,
    "pct3ResTime" : 1189.8899999999999,
    "throughput" : 0.3361796544073153,
    "receivedKBytesPerSec" : 1.8424220903650912,
    "sentKBytesPerSec" : 0.2449121310428293
  },
  "Add Skill Request" : {
    "transaction" : "Add Skill Request",
    "sampleCount" : 100,
    "errorCount" : 0,
    "errorPct" : 0.0,
    "meanResTime" : 57.300000000000004,
    "medianResTime" : 54.0,
    "minResTime" : 44.0,
    "maxResTime" : 104.0,
    "pct1ResTime" : 78.50000000000003,
    "pct2ResTime" : 88.0,
    "pct3ResTime" : 103.93999999999997,